{
    "FilePreviews": [
        {
            "name": "John Dow",
            "account": null,
            "ssn":"1234567",
            "state":null,
            "phone":"(650)-576-80",
            "subType":{
                "subTypeSystem":{
                   "subTypeCode":"AP",
                   "subTypeSys":"PCS"
                },
                "subTypeDesc":"Prepaid Enrollment"
             },
            "mso":null,
            "locator":"1234567801",
            "status":"invalid"
        },
        {
            "name": "John Dow",
            "account": null,
            "ssn":"1234567",
            "state":null,
            "phone":"(650)-576-80",
            "subType":{
                "subTypeSystem":{
                   "subTypeCode":"DP",
                   "subTypeSys":"PCS"
                },
                "subTypeDesc":"Declined Prepaid Enrollment"
             },
            "mso":null,
            "locator":"1234567801",
            "status":"invalid"
        },
        {
            "name": "John Dow",
            "account": null,
            "ssn":"1234567",
            "state":null,
            "phone":"(650)-576-80",
            "subType":{
                "subTypeSystem":{
                   "subTypeCode":"AP",
                   "subTypeSys":"PCS"
                },
                "subTypeDesc":"Prepaid Enrollment"
             },
            "mso":null,
            "locator":"1234567801",
            "status":"valid"
        },
        {
            "name": "John Dow",
            "account": null,
            "ssn":"1234567",
            "state":null,
            "phone":"(650)-576-80",
            "subType":{
                "subTypeSystem":{
                   "subTypeCode":"AP",
                   "subTypeSys":"PCS"
                },
                "subTypeDesc":"Prepaid Enrollment"
             },
            "mso":null,
            "locator":"1234567801",
            "status":"valid"
        }
        
    ]
}